Hotspot,Spacer,Fluorescence,PWM 10 score,PWM 35 score
2,18,2.553495982,7.384654522,5.351197243
3,16,2.265457998,5.44758606,4.4586
4,17,3.2613189,6.206223011,8.390250206
5,0,2.713492063,6.230476379,0
6,24,3,8.55355835,7.9351964
7,16.5,1.845995025,3.871195078,4.8712
12,16,1.99132832,8.025314331,2.704971313
13,23,1.989549908,8.025314331,6.657945633
14,0,3.918390852,9.312195778,0
18,0,2.968548856,9.312195778,0
